Workbook

Sheet Metodologia
A1: Indicadores Energéticos de Desarrollo Sostenible (IEDS) — Dimensión Económica, SIEPAC 2020–2024
A2: Referencia metodológica: OIEA/NU (2005), Indicadores energéticos del desarrollo sostenible: directrices y metodologías. Datos base en la hoja Datos_Base; cada hoja ECO calcula su indicador con fórmulas que referencian esa hoja. Cada hoja cierra con dos resúmenes: Promedio de países (media simple, el país típico) y Agregado regional (razón de sumas Σnum/Σden, el bloque como sistema).
A4: Indicador | B4: Nombre | C4: Unidad de salida | D4: Fórmula | E4: Fuentes | F4: Notas
A5: ECO1 | B5: Uso de energía per cápita | C5: kWh/habitante | D5: Consumo Final Total (kWh) ÷ Población Total (habitantes) | E5: SIELAC-OLADE (consumo); CEPAL-CELADE (población)
A6: ECO2 | B6: Uso de energía por unidad de PIB | C6: kWh/USD const. 2015 | D6: Consumo Final Total (kWh) ÷ PIB Real (USD constantes 2015) | E6: SIELAC-OLADE (consumo); Banco Mundial NY.GDP.MKTP.KD (PIB)
A7: ECO3 | B7: Eficiencia de la conversión y distribución de energía | C7: % | D7: (Consumo Final Total ÷ Producción Bruta Total) × 100 | E7: SIELAC-OLADE (ambas variables) | F7: Aproxima la eficiencia del sistema eléctrico desde generación hasta consumo final; no representa la cadena energética primaria completa.
A8: ECO6 | B8: Intensidades energéticas de la industria | C8: kWh/USD const. 2015 | D8: Consumo Final Industrial (kWh) ÷ Valor Agregado Manufacturero (USD constantes 2015) | E8: SIELAC-OLADE (consumo industrial); CEPALSTAT ODS 9.2.1 × Banco Mundial (VAM) | F8: El VAM en USD ya fue calculado en el ETL como VAM%% (ODS 9.2.1) × PIB real.
A9: ECO11 | B9: Porcentaje de combustibles fósiles en la electricidad | C9: % | D9: (Generación Térmica Fósil ÷ Generación Total) × 100 | E9: SIELAC-OLADE (generación por tipo de fuente)
A10: ECO13 | B10: Porcentaje de energías renovables en la electricidad | C10: % | D10: (Hidro + Geotermia + Eólica + Solar + Biomasa) ÷ Generación Total × 100 | E10: SIELAC-OLADE (generación por tipo de fuente) | F10: La fórmula suma las cinco fuentes renovables explícitamente (no usa la columna agregada) para que el cálculo sea auditable componente a componente.
A11: ECO14 | B11: Precios de la energía de uso final por sector | C11: USD corrientes/MWh | D11: Ingresos por energía regulada vendida (USD) ÷ energía regulada consumida (MWh), calculado en el ETL | E11: CEPAL-SIECA (serie histórica); cálculo CAGR documentado en el ETL | F11: En USD corrientes del año bajo análisis (no constantes). Las celdas sombreadas en amarillo son valores calculados mediante CAGR de la serie histórica 2015+ (ver Datos_Base, columna tarifa_fuente_dato).
A12: ECO15 | B12: Dependencia de las importaciones netas de energía | C12: % | D12: ((Importaciones − Exportaciones) ÷ (Producción Bruta + Importaciones − Exportaciones)) × 100 | E12: SIELAC-OLADE (matriz de balance energético; producción bruta) | F12: Positivo = importador neto; negativo = exportador neto.

Sheet Datos_Base
A1: pais | B1: anio | C1: consumo_final_total_kwh | D1: consumo_industrial_kwh | E1: exportaciones_kwh | F1: gen_biomasa_kwh | G1: gen_eolica_kwh | H1: gen_fosil_kwh | I1: gen_geotermia_kwh | J1: gen_hidro_kwh | K1: gen_renovable_kwh | L1: gen_solar_kwh | M1: gen_total_kwh | N1: importaciones_kwh | O1: pib_usd_const2015 | P1: poblacion_habitantes | Q1: produccion_bruta_kwh | R1: tarifa_usd_mwh | S1: vai_pct_pib | T1: vai_usd_const2015 | U1: tarifa_fuente_dato
A2: Costa Rica | B2: 2020 | C2: 9.8967295e+09 | D2: 1.8922426e+09 | E2: 623877408 | F2: 58570200 | G2: 1459442100 | H2: 23730700 | I2: 1689173500 | J2: 8.2943198e+09 | K2: 11510509900 | L2: 9004300 | M2: 11534240600 | N2: 117690907 | O2: 61631202098 | P2: 5034300 | Q2: 1.1607238e+10 | R2: 155.17657 | S2: 12.79 | T2: 7882630748 | U2: real
A3: Costa Rica | B3: 2021 | C3: 9.9068689e+09 | D3: 1.7564275e+09 | E3: 1009041760 | F3: 67313800 | G3: 1573299600 | H3: 2859700 | I3: 1601729200 | J3: 9.2857142e+09 | K3: 12537220500 | L3: 9163700 | M3: 12540080200 | N3: 6294380 | O3: 66522107766 | P3: 5060000 | Q3: 1.2626403e+10 | R3: 131.04756 | S3: 13.73 | T3: 9133485396 | U3: real
A4: Costa Rica | B4: 2022 | C4: 1.0649969e+10 | D4: 4.2281139e+09 | E4: 7.7398611e+08 | F4: 55514500 | G4: 1369231800 | H4: 92115300 | I4: 1618691000 | J4: 9448708700 | K4: 12500181700 | L4: 8035700 | M4: 12592297000 | N4: 54233333 | O4: 69549856033 | P4: 5081800 | Q4: 1.2421733e+10 | R4: 130.71039 | S4: 14.08 | T4: 9792619729 | U4: real
A5: Costa Rica | B5: 2023 | C5: 1.0891211e+10 | D5: 4.3010167e+09 | E5: 107600000 | F5: 55178289 | G5: 1461247724 | H5: 608066716 | I5: 1479251635 | J5: 8327023480 | K5: 11331652118 | L5: 8950990 | M5: 11939718834 | N5: 4.6916111e+08 | O5: 73105190308 | P5: 5105500 | Q5: 1.2003608e+10 | R5: 126.91314 | S5: 13.62 | T5: 9956926920 | U5: imputado_CAGR
A6: Costa Rica | B6: 2024 | C6: 1.1036058e+10 | D6: 4.3582179e+09 | E6: 844496010 | F6: 59906097 | G6: 1239469177 | H6: 1331030468 | I6: 1498096484 | J6: 8412329098 | K6: 11235637016 | L6: 25836160 | M6: 12566667484 | N6: 1068426120 | O6: 76264229553 | P6: 5129900 | Q6: 12566667480 | R6: 123.2262 | S6: 12.96 | T6: 9883844150 | U6: imputado_CAGR
A7: El Salvador | B7: 2020 | C7: 5.9896116e+09 | D7: 1.8997883e+09 | E7: 131418937 | F7: 5.7318379e+08 | G7: 14083094 | H7: 9.5358708e+08 | I7: 1.4499674e+09 | J7: 2.0666015e+09 | K7: 5.0024963e+09 | L7: 8.9866047e+08 | M7: 5.9560833e+09 | N7: 774027406 | O7: 23744951346 | P7: 6234700 | Q7: 6.3372141e+09 | R7: 172.1 | S7: 14.74 | T7: 3500005828 | U7: real
A8: El Salvador | B8: 2021 | C8: 6.5725354e+09 | D8: 1.9252547e+09 | E8: 33780394 | F8: 6.4639478e+08 | G8: 1.3178489e+08 | H8: 9.6048057e+08 | I8: 1451601640 | J8: 1.8169738e+09 | K8: 5.1199543e+09 | L8: 1.0731993e+09 | M8: 6.0804349e+09 | N8: 1316745078 | O8: 26571731219 | P8: 6255800 | Q8: 6.4789706e+09 | R8: 181.3 | S8: 15.07 | T8: 4004359895 | U8: real
A9: El Salvador | B9: 2022 | C9: 6.7357688e+09 | D9: 2.2519065e+09 | E9: 338255758 | F9: 5.7438391e+08 | G9: 134895960 | H9: 1613270940 | I9: 1.4680004e+09 | J9: 2.2341286e+09 | K9: 5.5206267e+09 | L9: 1.1092178e+09 | M9: 7.1338977e+09 | N9: 705988168 | O9: 27356823620 | P9: 6280300 | Q9: 7.5688263e+09 | R9: 179.71624 | S9: 13.77 | T9: 3767034612 | U9: imputado_CAGR
A10: El Salvador | B10: 2023 | C10: 7.0920022e+09 | D10: 2.2780211e+09 | E10: 5.6025445e+08 | F10: 5.5493683e+08 | G10: 1.6680886e+08 | H10: 3.1924814e+09 | I10: 1.4783824e+09 | J10: 1.5683034e+09 | K10: 4.9625353e+09 | L10: 1.1941039e+09 | M10: 8.1550168e+09 | N10: 1.6881793e+08 | O10: 28325024474 | P10: 6309600 | Q10: 8.6216941e+09 | R10: 178.14631 | S10: 12.49 | T10: 3537795557 | U10: imputado_CAGR
A11: El Salvador | B11: 2024 | C11: 8.1771206e+09 | D11: 3.0734517e+09 | E11: 253555422 | F11: 5.6327716e+08 | G11: 1.4578107e+08 | H11: 2.5456672e+09 | I11: 1.4810652e+09 | J11: 2.1993477e+09 | K11: 5.6494335e+09 | L11: 1.2599624e+09 | M11: 8.1951007e+09 | N11: 209923642 | O11: 29062047321 | P11: 6338200 | Q11: 8.718482e+09 | R11: 176.5901 | S11: 12.05 | T11: 3501976702 | U11: imputado_CAGR
A12: Guatemala | B12: 2020 | C12: 1.0381319e+10 | D12: 3.5967949e+09 | E12: 1.15603e+09 | F12: 1.7479294e+09 | G12: 3.1268393e+08 | H12: 2.7495483e+09 | I12: 2.7385603e+08 | J12: 5.8165379e+09 | K12: 8.372514e+09 | L12: 2.2150676e+08 | M12: 1.1122062e+10 | N12: 1.0846032e+09 | O12: 69530651433 | P12: 17357300 | Q12: 1.280281e+10 | R12: 198.417 | S12: 14.11 | T12: 9810774917 | U12: real
A13: Guatemala | B13: 2021 | C13: 1.1760276e+10 | D13: 4.4946797e+09 | E13: 1115753227 | F13: 1.7451177e+09 | G13: 3.2379532e+08 | H13: 3.4193026e+09 | I13: 2.6496828e+08 | J13: 5.960293e+09 | K13: 8.5237746e+09 | L13: 2.296003e+08 | M13: 1.1943077e+10 | N13: 1140939162 | O13: 75122100459 | P13: 17598700 | Q13: 1.4387941e+10 | R13: 205.13059 | S13: 13.93 | T13: 10464508594 | U13: real
... A31: Panamá | B31: 2024 | C31: 1.0465408e+10 | D31: 9.488925e+08 | E31: 593509261 | F31: 20146813 | G31: 6.6777153e+08 | H31: 3.5115255e+09 | I31: 0 | J31: 7.8174919e+09 | K31: 9.529959e+09 | L31: 1.0245487e+09 | M31: 1.3041484e+10 | N31: 54920007 | O31: 77318963570 | P31: 4515600 | Q31: 1.3452447e+10 | R31: 174.6106 | S31: 4.87 | T31: 3765433526 | U31: imputado_CAGR

Sheet ECO1
A1: ECO1 — Uso de energía per cápita (kWh/habitante)
A2: Fórmula: Consumo Final Total (kWh) ÷ Población Total (habitantes)
A3: País | B3: 2020 | C3: 2021 | D3: 2022 | E3: 2023 | F3: 2024
A4: Costa Rica | B4: =Datos_Base!C2/Datos_Base!P2 | C4: =Datos_Base!C3/Datos_Base!P3 | D4: =Datos_Base!C4/Datos_Base!P4 | E4: =Datos_Base!C5/Datos_Base!P5 | F4: =Datos_Base!C6/Datos_Base!P6
A5: El Salvador | B5: =Datos_Base!C7/Datos_Base!P7 | C5: =Datos_Base!C8/Datos_Base!P8 | D5: =Datos_Base!C9/Datos_Base!P9 | E5: =Datos_Base!C10/Datos_Base!P10 | F5: =Datos_Base!C11/Datos_Base!P11
A6: Guatemala | B6: =Datos_Base!C12/Datos_Base!P12 | C6: =Datos_Base!C13/Datos_Base!P13 | D6: =Datos_Base!C14/Datos_Base!P14 | E6: =Datos_Base!C15/Datos_Base!P15 | F6: =Datos_Base!C16/Datos_Base!P16
A7: Honduras | B7: =Datos_Base!C17/Datos_Base!P17 | C7: =Datos_Base!C18/Datos_Base!P18 | D7: =Datos_Base!C19/Datos_Base!P19 | E7: =Datos_Base!C20/Datos_Base!P20 | F7: =Datos_Base!C21/Datos_Base!P21
A8: Nicaragua | B8: =Datos_Base!C22/Datos_Base!P22 | C8: =Datos_Base!C23/Datos_Base!P23 | D8: =Datos_Base!C24/Datos_Base!P24 | E8: =Datos_Base!C25/Datos_Base!P25 | F8: =Datos_Base!C26/Datos_Base!P26
A9: Panamá | B9: =Datos_Base!C27/Datos_Base!P27 | C9: =Datos_Base!C28/Datos_Base!P28 | D9: =Datos_Base!C29/Datos_Base!P29 | E9: =Datos_Base!C30/Datos_Base!P30 | F9: =Datos_Base!C31/Datos_Base!P31
A10: Promedio de países (media simple) | B10: =AVERAGE(B4:B9) | C10: =AVERAGE(C4:C9) | D10: =AVERAGE(D4:D9) | E10: =AVERAGE(E4:E9) | F10: =AVERAGE(F4:F9)
A11: Agregado regional (razón de sumas) | B11: =SUM(Datos_Base!C2,Datos_Base!C7,Datos_Base!C12,Datos_Base!C17,Datos_Base!C22,Datos_Base!C27)/SUM(Datos_Base!P2,Datos_Base!P7,Datos_Base!P12,Datos_Base!P17,Datos_Base!P22,Datos_Base!P27) | C11: =SUM(Datos_Base!C3,Datos_Base!C8,Datos_Base!C13,Datos_Base!C18,Datos_Base!C23,Datos_Base!C28)/SUM(Datos_Base!P3,Datos_Base!P8,Datos_Base!P13,Datos_Base!P18,Datos_Base!P23,Datos_Base!P28) | D11: =SUM(Datos_Base!C4,Datos_Base!C9,Datos_Base!C14,Datos_Base!C19,Datos_Base!C24,Datos_Base!C29)/SUM(Datos_Base!P4,Datos_Base!P9,Datos_Base!P14,Datos_Base!P19,Datos_Base!P24,Datos_Base!P29) | E11: =SUM(Datos_Base!C5,Datos_Base!C10,Datos_Base!C15,Datos_Base!C20,Datos_Base!C25,Datos_Base!C30)/SUM(Datos_Base!P5,Datos_Base!P10,Datos_Base!P15,Datos_Base!P20,Datos_Base!P25,Datos_Base!P30) | F11: =SUM(Datos_Base!C6,Datos_Base!C11,Datos_Base!C16,Datos_Base!C21,Datos_Base!C26,Datos_Base!C31)/SUM(Datos_Base!P6,Datos_Base!P11,Datos_Base!P16,Datos_Base!P21,Datos_Base!P26,Datos_Base!P31)

Sheet ECO2
A1: ECO2 — Uso de energía por unidad de PIB (kWh/USD const. 2015)
A2: Fórmula: Consumo Final Total (kWh) ÷ PIB Real (USD constantes 2015)
A3: País | B3: 2020 | C3: 2021 | D3: 2022 | E3: 2023 | F3: 2024
A4: Costa Rica | B4: =Datos_Base!C2/Datos_Base!O2 | C4: =Datos_Base!C3/Datos_Base!O3 | D4: =Datos_Base!C4/Datos_Base!O4 | E4: =Datos_Base!C5/Datos_Base!O5 | F4: =Datos_Base!C6/Datos_Base!O6
A5: El Salvador | B5: =Datos_Base!C7/Datos_Base!O7 | C5: =Datos_Base!C8/Datos_Base!O8 | D5: =Datos_Base!C9/Datos_Base!O9 | E5: =Datos_Base!C10/Datos_Base!O10 | F5: =Datos_Base!C11/Datos_Base!O11
A6: Guatemala | B6: =Datos_Base!C12/Datos_Base!O12 | C6: =Datos_Base!C13/Datos_Base!O13 | D6: =Datos_Base!C14/Datos_Base!O14 | E6: =Datos_Base!C15/Datos_Base!O15 | F6: =Datos_Base!C16/Datos_Base!O16
A7: Honduras | B7: =Datos_Base!C17/Datos_Base!O17 | C7: =Datos_Base!C18/Datos_Base!O18 | D7: =Datos_Base!C19/Datos_Base!O19 | E7: =Datos_Base!C20/Datos_Base!O20 | F7: =Datos_Base!C21/Datos_Base!O21
A8: Nicaragua | B8: =Datos_Base!C22/Datos_Base!O22 | C8: =Datos_Base!C23/Datos_Base!O23 | D8: =Datos_Base!C24/Datos_Base!O24 | E8: =Datos_Base!C25/Datos_Base!O25 | F8: =Datos_Base!C26/Datos_Base!O26
A9: Panamá | B9: =Datos_Base!C27/Datos_Base!O27 | C9: =Datos_Base!C28/Datos_Base!O28 | D9: =Datos_Base!C29/Datos_Base!O29 | E9: =Datos_Base!C30/Datos_Base!O30 | F9: =Datos_Base!C31/Datos_Base!O31
A10: Promedio de países (media simple) | B10: =AVERAGE(B4:B9) | C10: =AVERAGE(C4:C9) | D10: =AVERAGE(D4:D9) | E10: =AVERAGE(E4:E9) | F10: =AVERAGE(F4:F9)
A11: Agregado regional (razón de sumas) | B11: =SUM(Datos_Base!C2,Datos_Base!C7,Datos_Base!C12,Datos_Base!C17,Datos_Base!C22,Datos_Base!C27)/SUM(Datos_Base!O2,Datos_Base!O7,Datos_Base!O12,Datos_Base!O17,Datos_Base!O22,Datos_Base!O27) | C11: =SUM(Datos_Base!C3,Datos_Base!C8,Datos_Base!C13,Datos_Base!C18,Datos_Base!C23,Datos_Base!C28)/SUM(Datos_Base!O3,Datos_Base!O8,Datos_Base!O13,Datos_Base!O18,Datos_Base!O23,Datos_Base!O28) | D11: =SUM(Datos_Base!C4,Datos_Base!C9,Datos_Base!C14,Datos_Base!C19,Datos_Base!C24,Datos_Base!C29)/SUM(Datos_Base!O4,Datos_Base!O9,Datos_Base!O14,Datos_Base!O19,Datos_Base!O24,Datos_Base!O29) | E11: =SUM(Datos_Base!C5,Datos_Base!C10,Datos_Base!C15,Datos_Base!C20,Datos_Base!C25,Datos_Base!C30)/SUM(Datos_Base!O5,Datos_Base!O10,Datos_Base!O15,Datos_Base!O20,Datos_Base!O25,Datos_Base!O30) | F11: =SUM(Datos_Base!C6,Datos_Base!C11,Datos_Base!C16,Datos_Base!C21,Datos_Base!C26,Datos_Base!C31)/SUM(Datos_Base!O6,Datos_Base!O11,Datos_Base!O16,Datos_Base!O21,Datos_Base!O26,Datos_Base!O31)

Sheet ECO3
A1: ECO3 — Eficiencia de la conversión y distribución de energía (%)
A2: Fórmula: (Consumo Final Total ÷ Producción Bruta Total) × 100
A3: País | B3: 2020 | C3: 2021 | D3: 2022 | E3: 2023 | F3: 2024
A4: Costa Rica | B4: =Datos_Base!C2/Datos_Base!Q2*100 | C4: =Datos_Base!C3/Datos_Base!Q3*100 | D4: =Datos_Base!C4/Datos_Base!Q4*100 | E4: =Datos_Base!C5/Datos_Base!Q5*100 | F4: =Datos_Base!C6/Datos_Base!Q6*100
A5: El Salvador | B5: =Datos_Base!C7/Datos_Base!Q7*100 | C5: =Datos_Base!C8/Datos_Base!Q8*100 | D5: =Datos_Base!C9/Datos_Base!Q9*100 | E5: =Datos_Base!C10/Datos_Base!Q10*100 | F5: =Datos_Base!C11/Datos_Base!Q11*100
A6: Guatemala | B6: =Datos_Base!C12/Datos_Base!Q12*100 | C6: =Datos_Base!C13/Datos_Base!Q13*100 | D6: =Datos_Base!C14/Datos_Base!Q14*100 | E6: =Datos_Base!C15/Datos_Base!Q15*100 | F6: =Datos_Base!C16/Datos_Base!Q16*100
A7: Honduras | B7: =Datos_Base!C17/Datos_Base!Q17*100 | C7: =Datos_Base!C18/Datos_Base!Q18*100 | D7: =Datos_Base!C19/Datos_Base!Q19*100 | E7: =Datos_Base!C20/Datos_Base!Q20*100 | F7: =Datos_Base!C21/Datos_Base!Q21*100
A8: Nicaragua | B8: =Datos_Base!C22/Datos_Base!Q22*100 | C8: =Datos_Base!C23/Datos_Base!Q23*100 | D8: =Datos_Base!C24/Datos_Base!Q24*100 | E8: =Datos_Base!C25/Datos_Base!Q25*100 | F8: =Datos_Base!C26/Datos_Base!Q26*100
A9: Panamá | B9: =Datos_Base!C27/Datos_Base!Q27*100 | C9: =Datos_Base!C28/Datos_Base!Q28*100 | D9: =Datos_Base!C29/Datos_Base!Q29*100 | E9: =Datos_Base!C30/Datos_Base!Q30*100 | F9: =Datos_Base!C31/Datos_Base!Q31*100
A10: Promedio de países (media simple) | B10: =AVERAGE(B4:B9) | C10: =AVERAGE(C4:C9) | D10: =AVERAGE(D4:D9) | E10: =AVERAGE(E4:E9) | F10: =AVERAGE(F4:F9)
A11: Agregado regional (razón de sumas) | B11: =SUM(Datos_Base!C2,Datos_Base!C7,Datos_Base!C12,Datos_Base!C17,Datos_Base!C22,Datos_Base!C27)/SUM(Datos_Base!Q2,Datos_Base!Q7,Datos_Base!Q12,Datos_Base!Q17,Datos_Base!Q22,Datos_Base!Q27)*100 | C11: =SUM(Datos_Base!C3,Datos_Base!C8,Datos_Base!C13,Datos_Base!C18,Datos_Base!C23,Datos_Base!C28)/SUM(Datos_Base!Q3,Datos_Base!Q8,Datos_Base!Q13,Datos_Base!Q18,Datos_Base!Q23,Datos_Base!Q28)*100 | D11: =SUM(Datos_Base!C4,Datos_Base!C9,Datos_Base!C14,Datos_Base!C19,Datos_Base!C24,Datos_Base!C29)/SUM(Datos_Base!Q4,Datos_Base!Q9,Datos_Base!Q14,Datos_Base!Q19,Datos_Base!Q24,Datos_Base!Q29)*100 | E11: =SUM(Datos_Base!C5,Datos_Base!C10,Datos_Base!C15,Datos_Base!C20,Datos_Base!C25,Datos_Base!C30)/SUM(Datos_Base!Q5,Datos_Base!Q10,Datos_Base!Q15,Datos_Base!Q20,Datos_Base!Q25,Datos_Base!Q30)*100 | F11: =SUM(Datos_Base!C6,Datos_Base!C11,Datos_Base!C16,Datos_Base!C21,Datos_Base!C26,Datos_Base!C31)/SUM(Datos_Base!Q6,Datos_Base!Q11,Datos_Base!Q16,Datos_Base!Q21,Datos_Base!Q26,Datos_Base!Q31)*100

Sheet ECO6
A1: ECO6 — Intensidades energéticas de la industria (kWh/USD const. 2015)
A2: Fórmula: Consumo Final Industrial (kWh) ÷ Valor Agregado Manufacturero (USD constantes 2015)
A3: País | B3: 2020 | C3: 2021 | D3: 2022 | E3: 2023 | F3: 2024
A4: Costa Rica | B4: =Datos_Base!D2/Datos_Base!T2 | C4: =Datos_Base!D3/Datos_Base!T3 | D4: =Datos_Base!D4/Datos_Base!T4 | E4: =Datos_Base!D5/Datos_Base!T5 | F4: =Datos_Base!D6/Datos_Base!T6
A5: El Salvador | B5: =Datos_Base!D7/Datos_Base!T7 | C5: =Datos_Base!D8/Datos_Base!T8 | D5: =Datos_Base!D9/Datos_Base!T9 | E5: =Datos_Base!D10/Datos_Base!T10 | F5: =Datos_Base!D11/Datos_Base!T11
A6: Guatemala | B6: =Datos_Base!D12/Datos_Base!T12 | C6: =Datos_Base!D13/Datos_Base!T13 | D6: =Datos_Base!D14/Datos_Base!T14 | E6: =Datos_Base!D15/Datos_Base!T15 | F6: =Datos_Base!D16/Datos_Base!T16
A7: Honduras | B7: =Datos_Base!D17/Datos_Base!T17 | C7: =Datos_Base!D18/Datos_Base!T18 | D7: =Datos_Base!D19/Datos_Base!T19 | E7: =Datos_Base!D20/Datos_Base!T20 | F7: =Datos_Base!D21/Datos_Base!T21
A8: Nicaragua | B8: =Datos_Base!D22/Datos_Base!T22 | C8: =Datos_Base!D23/Datos_Base!T23 | D8: =Datos_Base!D24/Datos_Base!T24 | E8: =Datos_Base!D25/Datos_Base!T25 | F8: =Datos_Base!D26/Datos_Base!T26
A9: Panamá | B9: =Datos_Base!D27/Datos_Base!T27 | C9: =Datos_Base!D28/Datos_Base!T28 | D9: =Datos_Base!D29/Datos_Base!T29 | E9: =Datos_Base!D30/Datos_Base!T30 | F9: =Datos_Base!D31/Datos_Base!T31
A10: Promedio de países (media simple) | B10: =AVERAGE(B4:B9) | C10: =AVERAGE(C4:C9) | D10: =AVERAGE(D4:D9) | E10: =AVERAGE(E4:E9) | F10: =AVERAGE(F4:F9)
A11: Agregado regional (razón de sumas) | B11: =SUM(Datos_Base!D2,Datos_Base!D7,Datos_Base!D12,Datos_Base!D17,Datos_Base!D22,Datos_Base!D27)/SUM(Datos_Base!T2,Datos_Base!T7,Datos_Base!T12,Datos_Base!T17,Datos_Base!T22,Datos_Base!T27) | C11: =SUM(Datos_Base!D3,Datos_Base!D8,Datos_Base!D13,Datos_Base!D18,Datos_Base!D23,Datos_Base!D28)/SUM(Datos_Base!T3,Datos_Base!T8,Datos_Base!T13,Datos_Base!T18,Datos_Base!T23,Datos_Base!T28) | D11: =SUM(Datos_Base!D4,Datos_Base!D9,Datos_Base!D14,Datos_Base!D19,Datos_Base!D24,Datos_Base!D29)/SUM(Datos_Base!T4,Datos_Base!T9,Datos_Base!T14,Datos_Base!T19,Datos_Base!T24,Datos_Base!T29) | E11: =SUM(Datos_Base!D5,Datos_Base!D10,Datos_Base!D15,Datos_Base!D20,Datos_Base!D25,Datos_Base!D30)/SUM(Datos_Base!T5,Datos_Base!T10,Datos_Base!T15,Datos_Base!T20,Datos_Base!T25,Datos_Base!T30) | F11: =SUM(Datos_Base!D6,Datos_Base!D11,Datos_Base!D16,Datos_Base!D21,Datos_Base!D26,Datos_Base!D31)/SUM(Datos_Base!T6,Datos_Base!T11,Datos_Base!T16,Datos_Base!T21,Datos_Base!T26,Datos_Base!T31)

Sheet ECO11
A1: ECO11 — Porcentaje de combustibles fósiles en la electricidad (%)
A2: Fórmula: (Generación Térmica Fósil ÷ Generación Total) × 100
A3: País | B3: 2020 | C3: 2021 | D3: 2022 | E3: 2023 | F3: 2024
A4: Costa Rica | B4: =Datos_Base!H2/Datos_Base!M2*100 | C4: =Datos_Base!H3/Datos_Base!M3*100 | D4: =Datos_Base!H4/Datos_Base!M4*100 | E4: =Datos_Base!H5/Datos_Base!M5*100 | F4: =Datos_Base!H6/Datos_Base!M6*100
A5: El Salvador | B5: =Datos_Base!H7/Datos_Base!M7*100 | C5: =Datos_Base!H8/Datos_Base!M8*100 | D5: =Datos_Base!H9/Datos_Base!M9*100 | E5: =Datos_Base!H10/Datos_Base!M10*100 | F5: =Datos_Base!H11/Datos_Base!M11*100
A6: Guatemala | B6: =Datos_Base!H12/Datos_Base!M12*100 | C6: =Datos_Base!H13/Datos_Base!M13*100 | D6: =Datos_Base!H14/Datos_Base!M14*100 | E6: =Datos_Base!H15/Datos_Base!M15*100 | F6: =Datos_Base!H16/Datos_Base!M16*100
A7: Honduras | B7: =Datos_Base!H17/Datos_Base!M17*100 | C7: =Datos_Base!H18/Datos_Base!M18*100 | D7: =Datos_Base!H19/Datos_Base!M19*100 | E7: =Datos_Base!H20/Datos_Base!M20*100 | F7: =Datos_Base!H21/Datos_Base!M21*100
A8: Nicaragua | B8: =Datos_Base!H22/Datos_Base!M22*100 | C8: =Datos_Base!H23/Datos_Base!M23*100 | D8: =Datos_Base!H24/Datos_Base!M24*100 | E8: =Datos_Base!H25/Datos_Base!M25*100 | F8: =Datos_Base!H26/Datos_Base!M26*100
A9: Panamá | B9: =Datos_Base!H27/Datos_Base!M27*100 | C9: =Datos_Base!H28/Datos_Base!M28*100 | D9: =Datos_Base!H29/Datos_Base!M29*100 | E9: =Datos_Base!H30/Datos_Base!M30*100 | F9: =Datos_Base!H31/Datos_Base!M31*100
A10: Promedio de países (media simple) | B10: =AVERAGE(B4:B9) | C10: =AVERAGE(C4:C9) | D10: =AVERAGE(D4:D9) | E10: =AVERAGE(E4:E9) | F10: =AVERAGE(F4:F9)
A11: Agregado regional (razón de sumas) | B11: =SUM(Datos_Base!H2,Datos_Base!H7,Datos_Base!H12,Datos_Base!H17,Datos_Base!H22,Datos_Base!H27)/SUM(Datos_Base!M2,Datos_Base!M7,Datos_Base!M12,Datos_Base!M17,Datos_Base!M22,Datos_Base!M27)*100 | C11: =SUM(Datos_Base!H3,Datos_Base!H8,Datos_Base!H13,Datos_Base!H18,Datos_Base!H23,Datos_Base!H28)/SUM(Datos_Base!M3,Datos_Base!M8,Datos_Base!M13,Datos_Base!M18,Datos_Base!M23,Datos_Base!M28)*100 | D11: =SUM(Datos_Base!H4,Datos_Base!H9,Datos_Base!H14,Datos_Base!H19,Datos_Base!H24,Datos_Base!H29)/SUM(Datos_Base!M4,Datos_Base!M9,Datos_Base!M14,Datos_Base!M19,Datos_Base!M24,Datos_Base!M29)*100 | E11: =SUM(Datos_Base!H5,Datos_Base!H10,Datos_Base!H15,Datos_Base!H20,Datos_Base!H25,Datos_Base!H30)/SUM(Datos_Base!M5,Datos_Base!M10,Datos_Base!M15,Datos_Base!M20,Datos_Base!M25,Datos_Base!M30)*100 | F11: =SUM(Datos_Base!H6,Datos_Base!H11,Datos_Base!H16,Datos_Base!H21,Datos_Base!H26,Datos_Base!H31)/SUM(Datos_Base!M6,Datos_Base!M11,Datos_Base!M16,Datos_Base!M21,Datos_Base!M26,Datos_Base!M31)*100

Sheet ECO13
A1: ECO13 — Porcentaje de energías renovables en la electricidad (%)
A2: Fórmula: (Hidro + Geotermia + Eólica + Solar + Biomasa) ÷ Generación Total × 100
A3: País | B3: 2020 | C3: 2021 | D3: 2022 | E3: 2023 | F3: 2024
A4: Costa Rica | B4: =(Datos_Base!J2+Datos_Base!I2+Datos_Base!G2+Datos_Base!L2+Datos_Base!F2)/Datos_Base!M2*100 | C4: =(Datos_Base!J3+Datos_Base!I3+Datos_Base!G3+Datos_Base!L3+Datos_Base!F3)/Datos_Base!M3*100 | D4: =(Datos_Base!J4+Datos_Base!I4+Datos_Base!G4+Datos_Base!L4+Datos_Base!F4)/Datos_Base!M4*100 | E4: =(Datos_Base!J5+Datos_Base!I5+Datos_Base!G5+Datos_Base!L5+Datos_Base!F5)/Datos_Base!M5*100 | F4: =(Datos_Base!J6+Datos_Base!I6+Datos_Base!G6+Datos_Base!L6+Datos_Base!F6)/Datos_Base!M6*100
A5: El Salvador | B5: =(Datos_Base!J7+Datos_Base!I7+Datos_Base!G7+Datos_Base!L7+Datos_Base!F7)/Datos_Base!M7*100 | C5: =(Datos_Base!J8+Datos_Base!I8+Datos_Base!G8+Datos_Base!L8+Datos_Base!F8)/Datos_Base!M8*100 | D5: =(Datos_Base!J9+Datos_Base!I9+Datos_Base!G9+Datos_Base!L9+Datos_Base!F9)/Datos_Base!M9*100 | E5: =(Datos_Base!J10+Datos_Base!I10+Datos_Base!G10+Datos_Base!L10+Datos_Base!F10)/Datos_Base!M10*100 | F5: =(Datos_Base!J11+Datos_Base!I11+Datos_Base!G11+Datos_Base!L11+Datos_Base!F11)/Datos_Base!M11*100
A6: Guatemala | B6: =(Datos_Base!J12+Datos_Base!I12+Datos_Base!G12+Datos_Base!L12+Datos_Base!F12)/Datos_Base!M12*100 | C6: =(Datos_Base!J13+Datos_Base!I13+Datos_Base!G13+Datos_Base!L13+Datos_Base!F13)/Datos_Base!M13*100 | D6: =(Datos_Base!J14+Datos_Base!I14+Datos_Base!G14+Datos_Base!L14+Datos_Base!F14)/Datos_Base!M14*100 | E6: =(Datos_Base!J15+Datos_Base!I15+Datos_Base!G15+Datos_Base!L15+Datos_Base!F15)/Datos_Base!M15*100 | F6: =(Datos_Base!J16+Datos_Base!I16+Datos_Base!G16+Datos_Base!L16+Datos_Base!F16)/Datos_Base!M16*100
A7: Honduras | B7: =(Datos_Base!J17+Datos_Base!I17+Datos_Base!G17+Datos_Base!L17+Datos_Base!F17)/Datos_Base!M17*100 | C7: =(Datos_Base!J18+Datos_Base!I18+Datos_Base!G18+Datos_Base!L18+Datos_Base!F18)/Datos_Base!M18*100 | D7: =(Datos_Base!J19+Datos_Base!I19+Datos_Base!G19+Datos_Base!L19+Datos_Base!F19)/Datos_Base!M19*100 | E7: =(Datos_Base!J20+Datos_Base!I20+Datos_Base!G20+Datos_Base!L20+Datos_Base!F20)/Datos_Base!M20*100 | F7: =(Datos_Base!J21+Datos_Base!I21+Datos_Base!G21+Datos_Base!L21+Datos_Base!F21)/Datos_Base!M21*100
A8: Nicaragua | B8: =(Datos_Base!J22+Datos_Base!I22+Datos_Base!G22+Datos_Base!L22+Datos_Base!F22)/Datos_Base!M22*100 | C8: =(Datos_Base!J23+Datos_Base!I23+Datos_Base!G23+Datos_Base!L23+Datos_Base!F23)/Datos_Base!M23*100 | D8: =(Datos_Base!J24+Datos_Base!I24+Datos_Base!G24+Datos_Base!L24+Datos_Base!F24)/Datos_Base!M24*100 | E8: =(Datos_Base!J25+Datos_Base!I25+Datos_Base!G25+Datos_Base!L25+Datos_Base!F25)/Datos_Base!M25*100 | F8: =(Datos_Base!J26+Datos_Base!I26+Datos_Base!G26+Datos_Base!L26+Datos_Base!F26)/Datos_Base!M26*100
A9: Panamá | B9: =(Datos_Base!J27+Datos_Base!I27+Datos_Base!G27+Datos_Base!L27+Datos_Base!F27)/Datos_Base!M27*100 | C9: =(Datos_Base!J28+Datos_Base!I28+Datos_Base!G28+Datos_Base!L28+Datos_Base!F28)/Datos_Base!M28*100 | D9: =(Datos_Base!J29+Datos_Base!I29+Datos_Base!G29+Datos_Base!L29+Datos_Base!F29)/Datos_Base!M29*100 | E9: =(Datos_Base!J30+Datos_Base!I30+Datos_Base!G30+Datos_Base!L30+Datos_Base!F30)/Datos_Base!M30*100 | F9: =(Datos_Base!J31+Datos_Base!I31+Datos_Base!G31+Datos_Base!L31+Datos_Base!F31)/Datos_Base!M31*100
A10: Promedio de países (media simple) | B10: =AVERAGE(B4:B9) | C10: =AVERAGE(C4:C9) | D10: =AVERAGE(D4:D9) | E10: =AVERAGE(E4:E9) | F10: =AVERAGE(F4:F9)
A11: Agregado regional (razón de sumas) | B11: =(SUM(Datos_Base!J2,Datos_Base!J7,Datos_Base!J12,Datos_Base!J17,Datos_Base!J22,Datos_Base!J27)+SUM(Datos_Base!I2,Datos_Base!I7,Datos_Base!I12,Datos_Base!I17,Datos_Base!I22,Datos_Base!I27)+SUM(Datos_Base!G2,Datos_Base!G7,Datos_Base!G12,Datos_Base!G17,Datos_Base!G22,Datos_Base!G27)+SUM(Datos_Base!L2,Datos_Base!L7,Datos_Base!L12,Datos_Base!L17,Datos_Base!L22,Datos_Base!L27)+SUM(Datos_Base!F2,Datos_Base!F7,Datos_Base!F12,Datos_Base!F17,Datos_Base!F22,Datos_Base!F27))/SUM(Datos_Base!M2,Datos_Base!M7,Datos_Base!M12,Datos_Base!M17,Datos_Base!M22,Datos_Base!M27)*100 | C11: =(SUM(Datos_Base!J3,Datos_Base!J8,Datos_Base!J13,Datos_Base!J18,Datos_Base!J23,Datos_Base!J28)+SUM(Datos_Base!I3,Datos_Base!I8,Datos_Base!I13,Datos_Base!I18,Datos_Base!I23,Datos_Base!I28)+SUM(Datos_Base!G3,Datos_Base!G8,Datos_Base!G13,Datos_Base!G18,Datos_Base!G23,Datos_Base!G28)+SUM(Datos_Base!L3,Datos_Base!L8,Datos_Base!L13,Datos_Base!L18,Datos_Base!L23,Datos_Base!L28)+SUM(Datos_Base!F3,Datos_Base!F8,Datos_Base!F13,Datos_Base!F18,Datos_Base!F23,Datos_Base!F28))/SUM(Datos_Base!M3,Datos_Base!M8,Datos_Base!M13,Datos_Base!M18,Datos_Base!M23,Datos_Base!M28)*100 | D11: =(SUM(Datos_Base!J4,Datos_Base!J9,Datos_Base!J14,Datos_Base!J19,Datos_Base!J24,Datos_Base!J29)+SUM(Datos_Base!I4,Datos_Base!I9,Datos_Base!I14,Datos_Base!I19,Datos_Base!I24,Datos_Base!I29)+SUM(Datos_Base!G4,Datos_Base!G9,Datos_Base!G14,Datos_Base!G19,Datos_Base!G24,Datos_Base!G29)+SUM(Datos_Base!L4,Datos_Base!L9,Datos_Base!L14,Datos_Base!L19,Datos_Base!L24,Datos_Base!L29)+SUM(Datos_Base!F4,Datos_Base!F9,Datos_Base!F14,Datos_Base!F19,Datos_Base!F24,Datos_Base!F29))/SUM(Datos_Base!M4,Datos_Base!M9,Datos_Base!M14,Datos_Base!M19,Datos_Base!M24,Datos_Base!M29)*100 | E11: =(SUM(Datos_Base!J5,Datos_Base!J10,Datos_Base!J15,Datos_Base!J20,Datos_Base!J25,Datos_Base!J30)+SUM(Datos_Base!I5,Datos_Base!I10,Datos_Base!I15,Datos_Base!I20,Datos_Base!I25,Datos_Base!I30)+SUM(Datos_Base!G5,Datos_Base!G10,Datos_Base!G15,Datos_Base!G20,Datos_Base!G25,Datos_Base!G30)+SUM(Datos_Base!L5,Datos_Base!L10,Datos_Base!L15,Datos_Base!L20,Datos_Base!L25,Datos_Base!L30)+SUM(Datos_Base!F5,Datos_Base!F10,Datos_Base!F15,Datos_Base!F20,Datos_Base!F25,Datos_Base!F30))/SUM(Datos_Base!M5,Datos_Base!M10,Datos_Base!M15,Datos_Base!M20,Datos_Base!M25,Datos_Base!M30)*100 | F11: =(SUM(Datos_Base!J6,Datos_Base!J11,Datos_Base!J16,Datos_Base!J21,Datos_Base!J26,Datos_Base!J31)+SUM(Datos_Base!I6,Datos_Base!I11,Datos_Base!I16,Datos_Base!I21,Datos_Base!I26,Datos_Base!I31)+SUM(Datos_Base!G6,Datos_Base!G11,Datos_Base!G16,Datos_Base!G21,Datos_Base!G26,Datos_Base!G31)+SUM(Datos_Base!L6,Datos_Base!L11,Datos_Base!L16,Datos_Base!L21,Datos_Base!L26,Datos_Base!L31)+SUM(Datos_Base!F6,Datos_Base!F11,Datos_Base!F16,Datos_Base!F21,Datos_Base!F26,Datos_Base!F31))/SUM(Datos_Base!M6,Datos_Base!M11,Datos_Base!M16,Datos_Base!M21,Datos_Base!M26,Datos_Base!M31)*100

Sheet ECO14
A1: ECO14 — Precios de la energía de uso final por sector (USD corrientes/MWh)
A2: Fórmula: Ingresos por energía regulada vendida (USD) ÷ energía regulada consumida (MWh), calculado en el ETL
A3: País | B3: 2020 | C3: 2021 | D3: 2022 | E3: 2023 | F3: 2024
A4: Costa Rica | B4: =Datos_Base!R2 | C4: =Datos_Base!R3 | D4: =Datos_Base!R4 | E4: =Datos_Base!R5 | F4: =Datos_Base!R6
A5: El Salvador | B5: =Datos_Base!R7 | C5: =Datos_Base!R8 | D5: =Datos_Base!R9 | E5: =Datos_Base!R10 | F5: =Datos_Base!R11
A6: Guatemala | B6: =Datos_Base!R12 | C6: =Datos_Base!R13 | D6: =Datos_Base!R14 | E6: =Datos_Base!R15 | F6: =Datos_Base!R16
A7: Honduras | B7: =Datos_Base!R17 | C7: =Datos_Base!R18 | D7: =Datos_Base!R19 | E7: =Datos_Base!R20 | F7: =Datos_Base!R21
A8: Nicaragua | B8: =Datos_Base!R22 | C8: =Datos_Base!R23 | D8: =Datos_Base!R24 | E8: =Datos_Base!R25 | F8: =Datos_Base!R26
A9: Panamá | B9: =Datos_Base!R27 | C9: =Datos_Base!R28 | D9: =Datos_Base!R29 | E9: =Datos_Base!R30 | F9: =Datos_Base!R31
A10: Promedio de países (media simple) | B10: =AVERAGE(B4:B9) | C10: =AVERAGE(C4:C9) | D10: =AVERAGE(D4:D9) | E10: =AVERAGE(E4:E9) | F10: =AVERAGE(F4:F9)
A12: Agregado regional no definido: la razón de sumas requiere energía regulada vendida (MWh) por país y año.
A14: Celdas en amarillo: valores calculados mediante CAGR. Detalle en Datos_Base, columna tarifa_fuente_dato.

Sheet ECO15
A1: ECO15 — Dependencia de las importaciones netas de energía (%)
A2: Fórmula: ((Importaciones − Exportaciones) ÷ (Producción Bruta + Importaciones − Exportaciones)) × 100
A3: País | B3: 2020 | C3: 2021 | D3: 2022 | E3: 2023 | F3: 2024
A4: Costa Rica | B4: =(Datos_Base!N2-Datos_Base!E2)/(Datos_Base!Q2+Datos_Base!N2-Datos_Base!E2)*100 | C4: =(Datos_Base!N3-Datos_Base!E3)/(Datos_Base!Q3+Datos_Base!N3-Datos_Base!E3)*100 | D4: =(Datos_Base!N4-Datos_Base!E4)/(Datos_Base!Q4+Datos_Base!N4-Datos_Base!E4)*100 | E4: =(Datos_Base!N5-Datos_Base!E5)/(Datos_Base!Q5+Datos_Base!N5-Datos_Base!E5)*100 | F4: =(Datos_Base!N6-Datos_Base!E6)/(Datos_Base!Q6+Datos_Base!N6-Datos_Base!E6)*100
A5: El Salvador | B5: =(Datos_Base!N7-Datos_Base!E7)/(Datos_Base!Q7+Datos_Base!N7-Datos_Base!E7)*100 | C5: =(Datos_Base!N8-Datos_Base!E8)/(Datos_Base!Q8+Datos_Base!N8-Datos_Base!E8)*100 | D5: =(Datos_Base!N9-Datos_Base!E9)/(Datos_Base!Q9+Datos_Base!N9-Datos_Base!E9)*100 | E5: =(Datos_Base!N10-Datos_Base!E10)/(Datos_Base!Q10+Datos_Base!N10-Datos_Base!E10)*100 | F5: =(Datos_Base!N11-Datos_Base!E11)/(Datos_Base!Q11+Datos_Base!N11-Datos_Base!E11)*100
A6: Guatemala | B6: =(Datos_Base!N12-Datos_Base!E12)/(Datos_Base!Q12+Datos_Base!N12-Datos_Base!E12)*100 | C6: =(Datos_Base!N13-Datos_Base!E13)/(Datos_Base!Q13+Datos_Base!N13-Datos_Base!E13)*100 | D6: =(Datos_Base!N14-Datos_Base!E14)/(Datos_Base!Q14+Datos_Base!N14-Datos_Base!E14)*100 | E6: =(Datos_Base!N15-Datos_Base!E15)/(Datos_Base!Q15+Datos_Base!N15-Datos_Base!E15)*100 | F6: =(Datos_Base!N16-Datos_Base!E16)/(Datos_Base!Q16+Datos_Base!N16-Datos_Base!E16)*100
A7: Honduras | B7: =(Datos_Base!N17-Datos_Base!E17)/(Datos_Base!Q17+Datos_Base!N17-Datos_Base!E17)*100 | C7: =(Datos_Base!N18-Datos_Base!E18)/(Datos_Base!Q18+Datos_Base!N18-Datos_Base!E18)*100 | D7: =(Datos_Base!N19-Datos_Base!E19)/(Datos_Base!Q19+Datos_Base!N19-Datos_Base!E19)*100 | E7: =(Datos_Base!N20-Datos_Base!E20)/(Datos_Base!Q20+Datos_Base!N20-Datos_Base!E20)*100 | F7: =(Datos_Base!N21-Datos_Base!E21)/(Datos_Base!Q21+Datos_Base!N21-Datos_Base!E21)*100
A8: Nicaragua | B8: =(Datos_Base!N22-Datos_Base!E22)/(Datos_Base!Q22+Datos_Base!N22-Datos_Base!E22)*100 | C8: =(Datos_Base!N23-Datos_Base!E23)/(Datos_Base!Q23+Datos_Base!N23-Datos_Base!E23)*100 | D8: =(Datos_Base!N24-Datos_Base!E24)/(Datos_Base!Q24+Datos_Base!N24-Datos_Base!E24)*100 | E8: =(Datos_Base!N25-Datos_Base!E25)/(Datos_Base!Q25+Datos_Base!N25-Datos_Base!E25)*100 | F8: =(Datos_Base!N26-Datos_Base!E26)/(Datos_Base!Q26+Datos_Base!N26-Datos_Base!E26)*100
A9: Panamá | B9: =(Datos_Base!N27-Datos_Base!E27)/(Datos_Base!Q27+Datos_Base!N27-Datos_Base!E27)*100 | C9: =(Datos_Base!N28-Datos_Base!E28)/(Datos_Base!Q28+Datos_Base!N28-Datos_Base!E28)*100 | D9: =(Datos_Base!N29-Datos_Base!E29)/(Datos_Base!Q29+Datos_Base!N29-Datos_Base!E29)*100 | E9: =(Datos_Base!N30-Datos_Base!E30)/(Datos_Base!Q30+Datos_Base!N30-Datos_Base!E30)*100 | F9: =(Datos_Base!N31-Datos_Base!E31)/(Datos_Base!Q31+Datos_Base!N31-Datos_Base!E31)*100
A10: Promedio de países (media simple) | B10: =AVERAGE(B4:B9) | C10: =AVERAGE(C4:C9) | D10: =AVERAGE(D4:D9) | E10: =AVERAGE(E4:E9) | F10: =AVERAGE(F4:F9)
A11: Agregado regional (razón de sumas) | B11: =(SUM(Datos_Base!N2,Datos_Base!N7,Datos_Base!N12,Datos_Base!N17,Datos_Base!N22,Datos_Base!N27)-SUM(Datos_Base!E2,Datos_Base!E7,Datos_Base!E12,Datos_Base!E17,Datos_Base!E22,Datos_Base!E27))/(SUM(Datos_Base!Q2,Datos_Base!Q7,Datos_Base!Q12,Datos_Base!Q17,Datos_Base!Q22,Datos_Base!Q27)+SUM(Datos_Base!N2,Datos_Base!N7,Datos_Base!N12,Datos_Base!N17,Datos_Base!N22,Datos_Base!N27)-SUM(Datos_Base!E2,Datos_Base!E7,Datos_Base!E12,Datos_Base!E17,Datos_Base!E22,Datos_Base!E27))*100 | C11: =(SUM(Datos_Base!N3,Datos_Base!N8,Datos_Base!N13,Datos_Base!N18,Datos_Base!N23,Datos_Base!N28)-SUM(Datos_Base!E3,Datos_Base!E8,Datos_Base!E13,Datos_Base!E18,Datos_Base!E23,Datos_Base!E28))/(SUM(Datos_Base!Q3,Datos_Base!Q8,Datos_Base!Q13,Datos_Base!Q18,Datos_Base!Q23,Datos_Base!Q28)+SUM(Datos_Base!N3,Datos_Base!N8,Datos_Base!N13,Datos_Base!N18,Datos_Base!N23,Datos_Base!N28)-SUM(Datos_Base!E3,Datos_Base!E8,Datos_Base!E13,Datos_Base!E18,Datos_Base!E23,Datos_Base!E28))*100 | D11: =(SUM(Datos_Base!N4,Datos_Base!N9,Datos_Base!N14,Datos_Base!N19,Datos_Base!N24,Datos_Base!N29)-SUM(Datos_Base!E4,Datos_Base!E9,Datos_Base!E14,Datos_Base!E19,Datos_Base!E24,Datos_Base!E29))/(SUM(Datos_Base!Q4,Datos_Base!Q9,Datos_Base!Q14,Datos_Base!Q19,Datos_Base!Q24,Datos_Base!Q29)+SUM(Datos_Base!N4,Datos_Base!N9,Datos_Base!N14,Datos_Base!N19,Datos_Base!N24,Datos_Base!N29)-SUM(Datos_Base!E4,Datos_Base!E9,Datos_Base!E14,Datos_Base!E19,Datos_Base!E24,Datos_Base!E29))*100 | E11: =(SUM(Datos_Base!N5,Datos_Base!N10,Datos_Base!N15,Datos_Base!N20,Datos_Base!N25,Datos_Base!N30)-SUM(Datos_Base!E5,Datos_Base!E10,Datos_Base!E15,Datos_Base!E20,Datos_Base!E25,Datos_Base!E30))/(SUM(Datos_Base!Q5,Datos_Base!Q10,Datos_Base!Q15,Datos_Base!Q20,Datos_Base!Q25,Datos_Base!Q30)+SUM(Datos_Base!N5,Datos_Base!N10,Datos_Base!N15,Datos_Base!N20,Datos_Base!N25,Datos_Base!N30)-SUM(Datos_Base!E5,Datos_Base!E10,Datos_Base!E15,Datos_Base!E20,Datos_Base!E25,Datos_Base!E30))*100 | F11: =(SUM(Datos_Base!N6,Datos_Base!N11,Datos_Base!N16,Datos_Base!N21,Datos_Base!N26,Datos_Base!N31)-SUM(Datos_Base!E6,Datos_Base!E11,Datos_Base!E16,Datos_Base!E21,Datos_Base!E26,Datos_Base!E31))/(SUM(Datos_Base!Q6,Datos_Base!Q11,Datos_Base!Q16,Datos_Base!Q21,Datos_Base!Q26,Datos_Base!Q31)+SUM(Datos_Base!N6,Datos_Base!N11,Datos_Base!N16,Datos_Base!N21,Datos_Base!N26,Datos_Base!N31)-SUM(Datos_Base!E6,Datos_Base!E11,Datos_Base!E16,Datos_Base!E21,Datos_Base!E26,Datos_Base!E31))*100
